"Comfort Colors Adult Heavyweight Short Sleeve Tee, Style G1717/G1745"
"Hanes Men's Hoodie, EcoSmart Fleece Hoodie, Hooded Sweatshirt for Men"
"Hanes EcoSmart Fleece, Cotton-Blend Pullover, Crewneck Sweatshirt for Men (1 Or 2 Pack)"
"SZIVYSHI Corset Tops for Women, Bustier Shapewear Lingerie, Lace Waist Push Up Bodysuit"
"THE GYM PEOPLE Thick High Waist Yoga Pants with Pockets, Tummy Control Workout Running Yoga Leggings for Women"
"Fruit of the Loom Eversoft Fleece Elastic Bottom Sweatpants with Pockets, Relaxed Fit, Moisture Wicking, Breathable"
"Stanley Quencher H2.0 FlowState Stainless Steel Vacuum Insulated Tumbler with Lid and Straw for Water, Iced Tea or Coffee, Smoothie and More, Rose Quartz 2.0, 30 OZ / 0.89 L"
"Queen Size 4 Piece Sheet Set - Comfy Breathable & Cooling Sheets - Hotel Luxury Bed Sheets for Women and Men - Deep Pockets, Microfiber, Extra Soft & Wrinkle Free Sheets - White Oeko-Tex Bed Sheet Set"
"Amazon Basics Lightweight Super Soft Easy Care Microfiber 4-Piece Bed Sheet Set with 14-Inch Deep Pockets, Queen, Bright White, Solid"
"Owala FreeSip SS, 32 Oz, Shy Marshmallow"
"Zevo Flying Insect Trap for Indoors: Light Trap Captures Fruit Flies, Gnats and Houseflies, Starter Kit (1 Plug-in Base + 1 Cartridge)"
"Barossa Design Plastic Shower Liner Clear - Premium PEVA Shower Curtain Liner with Rustproof Grommets and 3 Magnets, Waterproof Cute Lightweight Standard Size Shower Curtains for Bathroom - Clear"
"Amazon Fire TV Stick 4K streaming device, more than 1.5 million movies and TV episodes, supports Wi-Fi 6, watch free & live TV"
Apple AirTag
"Apple AirPods Pro 2 Wireless Earbuds, Bluetooth Headphones, Active Noise Cancellation, Hearing Aid Feature, Transparency, Personalized Spatial Audio, High-Fidelity Sound, H2 Chip, USB-C Charging"
Apple AirTag 4 Pack
"Surge Protector Power Strip - 8 Outlets with 4 USB (2 USB C) Charging Ports, Multi Plug Outlet Extender, 5Ft Braided Extension Cord, Flat Plug Wall Mount Desk USB Charging Station for Home Office ETL"
"Amazon Fire TV Stick 4K Max streaming device, supports Wi-Fi 6E, free & live TV without cable or satellite."
"Rain-X 810165 Latitude 2-In-1 Water Repellent Wiper Blades, 22 Inch Windshield Wipers (Pack Of 2), Automotive Replacement Windshield Wiper Blades With Patented Rain-X Water Repellency Formula"
Qifutan Car Phone Holder Mount Phone Mount for Car Windshield Dashboard Air Vent Universal Hands Free Automobile Cell Phone Holder Fit for iPhone Smartphone Carbon Fiber
"USANOOKS Microfiber Cleaning Cloth Grey - 12 Pcs (12.5""x12.5"") - High Performance - 1200 Washes, Ultra Absorbent Microfiber Towel Weave Grime & Liquid for Streak-Free Mirror Shine - Car Washing Cloth"
CERAKOTE® Ceramic Headlight Restoration Kit – Guaranteed To Last As Long As You Own Your Vehicle – Brings Headlights back to Like New Condition - 3 Easy Steps - No Power Tools Required
"Mobil 1 Advanced Full Synthetic Motor Oil 5W-30, 5 Quart"
Drift Car Air Freshener - Wood Air Freshener - Car Odor Eliminator - Amber Scent Starter Kit
"FogWorx Extreme High Density Fog Juice Gallon - Long Lasting, High Output, Odorless Water Based Fog Machine Fluid - for 400 Watt to 1500 Watt Machines"
"Smoke Machine Fog, Fluid for Fogging Machines – Fog Juice That Produces Long-Lasting Medium Density Smoke for Water-Based Foggers, For 400-1500 Watt Machines"
"ATDAWN Fog Machine with 9 LED Lights, Wireless Remote Control, Smoke Machine with 12 Colors for Stage Party Effect, Halloween Wedding Special Event"
Ernie Ball Regular Slinky Nickel Wound Electric Guitar Strings - 10-46 Gauge
"FogWorx Fog Juice - 1 Gallon of Organic Fog Fluid (128 oz) - Medium Density, High Output, Long Lasting Fog Machine Fluid for 400 Watt to 1500 Watt Machines"
"AGPTEK Smoke Machine, Fog Machine with 13 Colorful LED Lights Effect, 500W and 2000CFM Fog with 1 Wired Receiver and 2 Wireless Remote Controls, Perfect for Wedding, Halloween, Party and Stage Effect"
"EUHOMY Countertop Ice Maker Machine with Handle, 26lbs in 24Hrs, 9 Ice Cubes Ready in 6 Mins, Auto-Cleaning Portable Ice Maker with Basket and Scoop, for Home/Kitchen/Camping/RV. (Black)"
"Silonn Ice Maker Countertop, Portable Ice Machine with Carry Handle, Self-Cleaning Ice Makers with Basket and Scoop, 9 Cubes in 6 Mins, 26 lbs per Day, Ideal for Home, Kitchen, Camping, RV"
"Silonn Ice Maker Countertop, 9 Cubes Ready in 6 Mins, 26lbs in 24Hrs, Self-Cleaning Ice Machine with Ice Scoop and Basket, 2 Sizes of Bullet Ice for Home Kitchen Office Bar Party"
"COWSAR Ice Maker Countertop, Portable Ice Machine with Self-Cleaning, 26.5lbs/24Hrs, 9 Bullet Ice Cubes in 6 Mins, Ice Basket and Scoop, Ideal for Home, Kitchen, Bar, Camping"
"Silonn Nugget Ice Maker Countertop, Pebble Ice Maker with Soft Chewable Ice, One-Click Operation Ice Machine with Self-Cleaning, 33lbs/24H for Home,Kitchen,Office"
"Midea MRC050S0AWW Chest Freezer, 5.0 Cubic Feet, White"
